{
  "best_params": {
    "max_depth": 3,
    "learning_rate": 0.011136711145676607,
    "gamma": 1.9913213767875253,
    "reg_alpha": 2.4803743352973027,
    "reg_lambda": 1.216987432361211,
    "min_child_weight": 1745,
    "subsample": 0.7695077574476296,
    "colsample_bytree": 0.5407267201011771,
    "max_delta_step": 0.04690848993228027,
    "objective": "reg:absoluteerror",
    "base_score": 0.0,
    "max_bin": 128,
    "tree_method": "hist",
    "device": "cuda",
    "nthread": 0,
    "verbosity": 0
  },
  "num_boost_round": 2768,
  "test_report": {
    "collapsed": false,
    "mae_bps": 6.534928321838379,
    "directional_accuracy": 0.524822695035461,
    "n_real_moves": 11280,
    "sniper_accuracy": 0.5719814241486069,
    "sniper_count": 1292,
    "sniper_avg_move_bps": 11.307748794555664,
    "mean_pnl_bps": 0.25797829031944275,
    "pred_mean": 1.0349011745347525e-06,
    "pred_std": 4.305145557736978e-05
  },
  "feature_importance": {
    "feat_sma_trend": 27.545185089111328,
    "vwap_dev_300s": 15.972131729125977,
    "tfi_quote_norm_300s": 13.81258773803711,
    "feat_rsi_norm": 12.576225280761719,
    "intensity_z_300s": 10.274431228637695,
    "price_volatility_300s": 10.214316368103027,
    "feat_vol_force": 10.132243156433105,
    "inter_time_cv_300s": 9.208998680114746,
    "vol_imbalance_300s": 8.794234275817871,
    "rel_size_300s": 8.754071235656738,
    "amihud_illiquidity_300s": 8.476175308227539,
    "size_cv_300s": 7.586757659912109
  },
  "keep_idx": [
    0,
    1,
    2,
    3,
    4,
    5,
    6,
    7,
    8,
    9,
    10,
    11
  ],
  "kept_feature_names": [
    "price_volatility_300s",
    "vol_imbalance_300s",
    "vwap_dev_300s",
    "intensity_z_300s",
    "feat_vol_force",
    "feat_sma_trend",
    "feat_rsi_norm",
    "tfi_quote_norm_300s",
    "amihud_illiquidity_300s",
    "rel_size_300s",
    "inter_time_cv_300s",
    "size_cv_300s"
  ],
  "xgboost_version": "3.1.3",
  "timestamp": "2026-05-31T03:31:10.782492"
}