{
  "vol_low": 1.6115857988552306e-06,
  "vol_high": 5.5517752571177065e-06,
  "vol_low_percentile": "calibrated",
  "vol_high_percentile": "calibrated",
  "min_trade_count_300s": 500,
  "min_pred_bps": 0.5,
  "agreement_enabled": true,
  "directional_feature_indices": [
    1,
    2,
    5,
    6,
    7
  ],
  "min_agreement_ratio": 0.6,
  "calibration_metadata": {
    "baseline_accuracy": 0.5234019161300455,
    "gated_accuracy": 0.5504731861198738,
    "gated_trades": 1902,
    "test_samples": 12915,
    "pass_rate": 0.14727061556329848
  }
}